epoch,step,test_loss,train_loss,val_loss
0,49,,0.01643051952123642,
0,99,,0.007237924728542566,
0,149,,0.0027271367143839598,
0,199,,0.0016589869046583772,
0,249,,0.0018285681726410985,
0,299,,0.00101316103246063,
0,349,,0.0006728905718773603,
0,399,,0.00032886266126297414,
0,449,,0.0008883122354745865,
0,499,,0.0008414187468588352,
0,549,,0.0003070013481192291,
0,599,,0.00033678251202218235,
0,649,,0.0002730830747168511,
0,699,,0.0002595369005575776,
0,749,,0.0002947374014183879,
0,799,,0.000348685949575156,
0,849,,0.0002542254514992237,
0,899,,0.000271212455118075,
0,949,,0.0003163815417792648,
0,999,,0.00013037990720476955,
0,1049,,0.00020862654491793364,
0,1099,,0.0001978331129066646,
0,1149,,0.00016317998233716935,
0,1199,,0.0003321600961498916,
0,1249,,9.083770419238135e-05,
0,1299,,0.00018586189253255725,
0,1349,,0.00028946713428013027,
0,1399,,0.00014703463239129633,
0,1449,,0.0001878717594081536,
0,1499,,0.00012458095443435013,
0,1549,,0.00019881836487911642,
0,1599,,0.00016979934298433363,
0,1649,,0.00010595817730063573,
0,1699,,0.00022898727911524475,
0,1749,,0.00019074574811384082,
0,1799,,8.941978012444451e-05,
0,1849,,0.00011278956662863493,
0,1899,,0.00014175479009281844,
0,1949,,0.00015078323485795408,
0,1999,,0.0001494563912274316,
0,2049,,0.00010242727148579434,
0,2099,,6.884431786602363e-05,
0,2149,,0.00021391238260548562,
0,2199,,5.599986616289243e-05,
0,2249,,0.00018711437587626278,
0,2299,,0.00010775351256597787,
0,2349,,0.0003770917246583849,
0,2399,,0.00010093720629811287,
0,2449,,0.0002691859262995422,
0,2499,,0.00018570813699625432,
0,2499,,,0.0001675690000411123
1,2549,,0.0002417083305772394,
1,2599,,9.524496272206306e-05,
1,2649,,7.461066707037389e-05,
1,2699,,8.630973024992272e-05,
1,2749,,0.00013942213263362646,
1,2799,,9.759322711033747e-05,
1,2849,,0.00011857247591251507,
1,2899,,0.00011799640924436972,
1,2949,,9.728340955916792e-05,
1,2999,,0.0001712184603093192,
1,3049,,9.9696044344455e-05,
1,3099,,7.449768600054085e-05,
1,3149,,9.398783731739968e-05,
1,3199,,8.285560761578381e-05,
1,3249,,0.0002077418757835403,
1,3299,,9.762450645212084e-05,
1,3349,,0.000240945621044375,
1,3399,,9.020562720252201e-05,
1,3449,,7.406184158753604e-05,
1,3499,,7.22877521184273e-05,
1,3549,,8.671588147990406e-05,
1,3599,,7.487955735996366e-05,
1,3649,,8.749204425839707e-05,
1,3699,,0.00010394852142781019,
1,3749,,5.6218319514300674e-05,
1,3799,,8.13864462543279e-05,
1,3849,,7.722093869233504e-05,
1,3899,,7.618161180289462e-05,
1,3949,,5.521894127014093e-05,
1,3999,,9.177392348647118e-05,
1,4049,,8.831734157865867e-05,
1,4099,,4.136170173296705e-05,
1,4149,,9.286674321629107e-05,
1,4199,,9.063247125595808e-05,
1,4249,,7.185143476817757e-05,
1,4299,,9.101270552491769e-05,
1,4349,,5.457067527459003e-05,
1,4399,,6.632356235058978e-05,
1,4449,,3.476556230452843e-05,
1,4499,,8.63005334394984e-05,
1,4549,,7.545579865109175e-05,
1,4599,,0.00010751184890978038,
1,4649,,0.00011896972137037665,
1,4699,,7.240721606649458e-05,
1,4749,,5.6456316087860614e-05,
1,4799,,0.0001071840088116005,
1,4849,,8.137933764373884e-05,
1,4899,,9.284035331802443e-05,
1,4949,,6.664867396466434e-05,
1,4999,,7.986150740180165e-05,
1,4999,,,8.378110214835033e-05
2,5049,,0.00011538036051206291,
2,5099,,0.00011026300489902496,
2,5149,,5.085950033389963e-05,
2,5199,,4.027487011626363e-05,
2,5249,,7.415439904434606e-05,
2,5299,,0.00010439736797707155,
2,5349,,3.227817069273442e-05,
2,5399,,6.287047290243208e-05,
2,5449,,8.492607594234869e-05,
2,5499,,5.8933150285156444e-05,
2,5549,,5.662747935275547e-05,
2,5599,,6.486359052360058e-05,
2,5649,,3.565042061381973e-05,
2,5699,,3.794067379203625e-05,
2,5749,,9.941796452039853e-05,
2,5799,,8.152738882927224e-05,
2,5849,,5.509600305231288e-05,
2,5899,,6.259234942262992e-05,
2,5949,,5.755885285907425e-05,
2,5999,,3.907260179403238e-05,
2,6049,,5.573040107265115e-05,
2,6099,,6.420848512789235e-05,
2,6149,,7.817148434696719e-05,
2,6199,,5.979144407319836e-05,
2,6249,,6.832198414485902e-05,
2,6299,,4.911329233436845e-05,
2,6349,,3.6601941246772185e-05,
2,6399,,3.640185241238214e-05,
2,6449,,8.615370461484417e-05,
2,6499,,8.932172204367816e-05,
2,6549,,3.934737469535321e-05,
2,6599,,6.8916633608751e-05,
2,6649,,4.964274921803735e-05,
2,6699,,5.5590578995179385e-05,
2,6749,,0.0001391903351759538,
2,6799,,3.666192787932232e-05,
2,6849,,4.652436473406851e-05,
2,6899,,3.557907257345505e-05,
2,6949,,5.272762064123526e-05,
2,6999,,3.83997758035548e-05,
2,7049,,9.801386477192864e-05,
2,7099,,4.2604002373991534e-05,
2,7149,,5.894294008612633e-05,
2,7199,,3.135055158054456e-05,
2,7249,,3.721582834259607e-05,
2,7299,,8.150831126840785e-05,
2,7349,,2.7405023502069525e-05,
2,7399,,6.250822480069473e-05,
2,7449,,4.046555113745853e-05,
2,7499,,7.449280383298174e-05,
2,7499,,,4.5813874749001116e-05
3,7549,,4.9972408305620775e-05,
3,7599,,3.2845084206201136e-05,
3,7649,,3.344135984661989e-05,
3,7699,,3.6382869438966736e-05,
3,7749,,5.3851090342504904e-05,
3,7799,,1.4883103176543955e-05,
3,7849,,4.26275328209158e-05,
3,7899,,8.263664494734257e-05,
3,7949,,2.7364923880668357e-05,
3,7999,,5.0872920837718993e-05,
3,8049,,3.268486761953682e-05,
3,8099,,2.1262838345137425e-05,
3,8149,,2.720496922847815e-05,
3,8199,,1.5890729628154077e-05,
3,8249,,3.417040716158226e-05,
3,8299,,2.178002796426881e-05,
3,8349,,5.19575405633077e-05,
3,8399,,4.9197238695342094e-05,
3,8449,,1.8994263882632367e-05,
3,8499,,3.19276332447771e-05,
3,8549,,4.1382198105566204e-05,
3,8599,,4.239990812493488e-05,
3,8649,,2.9599075787700713e-05,
3,8699,,3.96019167965278e-05,
3,8749,,2.7692140065482818e-05,
3,8799,,2.0996385501348414e-05,
3,8849,,3.037494207092095e-05,
3,8899,,4.620426261681132e-05,
3,8949,,2.6781714041135274e-05,
3,8999,,2.57526171481004e-05,
3,9049,,2.6438099666847847e-05,
3,9099,,2.9963239285279997e-05,
3,9149,,4.3437190470285714e-05,
3,9199,,2.617811696836725e-05,
3,9249,,1.5665464161429554e-05,
3,9299,,2.532790858822409e-05,
3,9349,,1.9873503333656117e-05,
3,9399,,3.362382994964719e-05,
3,9449,,3.088000084972009e-05,
3,9499,,2.2344416720443405e-05,
3,9549,,8.243111551564652e-06,
3,9599,,2.4200788175221533e-05,
3,9649,,4.243347575538792e-05,
3,9699,,4.1317936847917736e-05,
3,9749,,1.1403762073314283e-05,
3,9799,,3.325946454424411e-05,
3,9849,,2.4477405531797558e-05,
3,9899,,3.6287241528043523e-05,
3,9949,,3.959723835578188e-05,
3,9999,,3.341944102430716e-05,
3,9999,,,3.486017158138566e-05
4,10049,,2.8864855266874656e-05,
4,10099,,2.764397140708752e-05,
4,10149,,3.215222750441171e-05,
4,10199,,3.5861183278029785e-05,
4,10249,,2.9118067686795257e-05,
4,10299,,4.0487990190740675e-05,
4,10349,,4.4508724386105314e-05,
4,10399,,3.1474635761696845e-05,
4,10449,,2.8424359697964974e-05,
4,10499,,1.620367038412951e-05,
4,10549,,3.215386823285371e-05,
4,10599,,1.8546146748121828e-05,
4,10649,,2.4101043891278096e-05,
4,10699,,4.286670809960924e-05,
4,10749,,5.5203225201694295e-05,
4,10799,,2.4646478777867742e-05,
4,10849,,3.8194837543414906e-05,
4,10899,,1.6555441106902435e-05,
4,10949,,3.7359110137913376e-05,
4,10999,,2.558772212069016e-05,
4,11049,,3.94977796531748e-05,
4,11099,,2.0410223442013375e-05,
4,11149,,3.21773077303078e-05,
4,11199,,3.5068085708189756e-05,
4,11249,,2.501474773453083e-05,
4,11299,,2.2637463189312257e-05,
4,11349,,2.7332460376783274e-05,
4,11399,,1.7753081920091063e-05,
4,11449,,2.283377580170054e-05,
4,11499,,1.4238858057069592e-05,
4,11549,,1.9436645743553527e-05,
4,11599,,4.934449680149555e-05,
4,11649,,3.082569674006663e-05,
4,11699,,1.741153209877666e-05,
4,11749,,1.6735362805775367e-05,
4,11799,,1.9770764993154444e-05,
4,11849,,4.823754352401011e-05,
4,11899,,2.5645098503446206e-05,
4,11949,,2.804566247505136e-05,
4,11999,,3.042020216525998e-05,
4,12049,,3.3148455258924514e-05,
4,12099,,2.345667417102959e-05,
4,12149,,2.860670974769164e-05,
4,12199,,2.714119545998983e-05,
4,12249,,1.906167744891718e-05,
4,12299,,1.8793056369759142e-05,
4,12349,,2.9824521334376186e-05,
4,12399,,4.540545342024416e-05,
4,12449,,2.0452956960070878e-05,
4,12499,,2.9640916181961074e-05,
4,12499,,,2.9989600079716183e-05
5,12549,,1.169775532616768e-05,
5,12599,,3.06949696096126e-05,
5,12649,,2.058987956843339e-05,
5,12699,,1.8052884115604684e-05,
5,12749,,1.9553883248590864e-05,
5,12799,,1.756269011821132e-05,
5,12849,,2.0934587155352347e-05,
5,12899,,1.022910510073416e-05,
5,12949,,2.9086984795867465e-05,
5,12999,,2.0052437321282923e-05,
5,13049,,1.2319012967054732e-05,
5,13099,,1.1931130757147912e-05,
5,13149,,1.5901161532383412e-05,
5,13199,,2.38157208514167e-05,
5,13249,,2.956987555080559e-05,
5,13299,,3.30267685058061e-05,
5,13349,,2.745476012933068e-05,
5,13399,,8.182052624761127e-06,
5,13449,,2.5999383069574833e-05,
5,13499,,1.676178908383008e-05,
5,13549,,1.4614754945796449e-05,
5,13599,,2.149374813598115e-05,
5,13649,,2.0478839360293932e-05,
5,13699,,2.414081791357603e-05,
5,13749,,1.6546022379770875e-05,
5,13799,,3.6843277484877035e-05,
5,13849,,2.177898022637237e-05,
5,13899,,1.2378696737869177e-05,
5,13949,,1.0599786037346348e-05,
5,13999,,5.618668728857301e-05,
5,14049,,3.5878318158211187e-05,
5,14099,,3.422822192078456e-05,
5,14149,,2.7995914933853783e-05,
5,14199,,9.660634532338008e-06,
5,14249,,2.5898980311467312e-05,
5,14299,,2.7027641408494674e-05,
5,14349,,1.3791915080219042e-05,
5,14399,,2.0244413462933153e-05,
5,14449,,2.159479663532693e-05,
5,14499,,1.9891884221578948e-05,
5,14549,,2.0426939954631962e-05,
5,14599,,1.819541103031952e-05,
5,14649,,1.5167896890488919e-05,
5,14699,,1.1180003639310598e-05,
5,14749,,2.1430292690638453e-05,
5,14799,,2.616201527416706e-05,
5,14849,,1.0568081052042544e-05,
5,14899,,1.30702701426344e-05,
5,14949,,8.608666576037649e-06,
5,14999,,1.115302620746661e-05,
5,14999,,,1.5437728507095017e-05
6,15049,,1.899707604025025e-05,
6,15099,,1.3887297427572776e-05,
6,15149,,2.7616359147941694e-05,
6,15199,,1.413249356119195e-05,
6,15249,,1.4116891179583035e-05,
6,15299,,1.4456112694460899e-05,
6,15349,,1.6672531273798086e-05,
6,15399,,2.366463559155818e-05,
6,15449,,7.16435897629708e-05,
6,15499,,1.4575930435967166e-05,
6,15549,,1.7393103917129338e-05,
6,15599,,2.8347636543912813e-05,
6,15649,,2.0318249880801886e-05,
6,15699,,1.646992859605234e-05,
6,15749,,2.3787992176949047e-05,
6,15799,,1.262518526345957e-05,
6,15849,,3.0507582778227516e-05,
6,15899,,1.3429954378807452e-05,
6,15949,,2.8071448468836024e-05,
6,15999,,1.22153214761056e-05,
6,16049,,1.9596847778302617e-05,
6,16099,,1.9617667931015603e-05,
6,16149,,1.5684943718952127e-05,
6,16199,,1.8157646991312504e-05,
6,16249,,2.4315102564287372e-05,
6,16299,,2.862569090211764e-05,
6,16349,,1.8515755073167384e-05,
6,16399,,2.1732465029344894e-05,
6,16449,,2.255408799101133e-05,
6,16499,,1.3699836017622147e-05,
6,16549,,2.046257577603683e-05,
6,16599,,2.7816693545901217e-05,
6,16649,,2.3739052267046645e-05,
6,16699,,3.957404624088667e-05,
6,16749,,1.6595786291873083e-05,
6,16799,,1.382367827318376e-05,
6,16849,,1.4670104974356946e-05,
6,16899,,2.001121174544096e-05,
6,16949,,2.4019109332584776e-05,
6,16999,,2.3415279429173097e-05,
6,17049,,1.9667499145725742e-05,
6,17099,,1.2843112017435487e-05,
6,17149,,1.5755991626065224e-05,
6,17199,,1.736416197672952e-05,
6,17249,,2.9000510039622895e-05,
6,17299,,2.213646803284064e-05,
6,17349,,2.7102447347715497e-05,
6,17399,,3.083523552049883e-05,
6,17449,,1.225219966727309e-05,
6,17499,,1.1789873497036751e-05,
6,17499,,,1.506992703070864e-05
7,17549,,1.7552463759784587e-05,
7,17599,,1.084441646526102e-05,
7,17649,,1.7788941477192566e-05,
7,17699,,9.112335646932479e-06,
7,17749,,2.2782460291637108e-05,
7,17799,,1.0114605174749158e-05,
7,17849,,1.5684921891079284e-05,
7,17899,,1.3897705684939865e-05,
7,17949,,1.685202914813999e-05,
7,17999,,1.754506229190156e-05,
7,18049,,1.1128693586215377e-05,
7,18099,,1.8183753127232194e-05,
7,18149,,1.925901415233966e-05,
7,18199,,2.1101395759615116e-05,
7,18249,,1.6807376596261747e-05,
7,18299,,1.8997352526639588e-05,
7,18349,,1.588984923728276e-05,
7,18399,,1.8903128875535913e-05,
7,18449,,1.1368412742740475e-05,
7,18499,,2.9074164558551274e-05,
7,18549,,2.3061340471031144e-05,
7,18599,,1.5229452401399612e-05,
7,18649,,1.6219753888435662e-05,
7,18699,,1.7414464309695177e-05,
7,18749,,7.234784425236285e-05,
7,18799,,2.3110776965040714e-05,
7,18849,,2.8402537282090634e-05,
7,18899,,1.4617628949054051e-05,
7,18949,,9.890136425383389e-06,
7,18999,,2.409637272648979e-05,
7,19049,,2.1861096684006043e-05,
7,19099,,2.069447327812668e-05,
7,19149,,1.487405643274542e-05,
7,19199,,1.2258759852556977e-05,
7,19249,,1.495262131356867e-05,
7,19299,,1.2933043763041496e-05,
7,19349,,1.3482510439644102e-05,
7,19399,,8.727828571863938e-06,
7,19449,,1.3969026440463495e-05,
7,19499,,1.0093385753862094e-05,
7,19549,,1.1414414075261448e-05,
7,19599,,1.8313103282707743e-05,
7,19649,,1.0531060070206877e-05,
7,19699,,1.4587508303520735e-05,
7,19749,,2.359828431508504e-05,
7,19799,,1.9598801372922026e-05,
7,19849,,2.1596026272163726e-05,
7,19899,,6.770831532776356e-06,
7,19949,,2.4112268874887377e-05,
7,19999,,0.00013301555009093136,
7,19999,,,1.7070755347958766e-05
8,20049,,3.1189931178232655e-05,
8,20099,,1.2263396456546616e-05,
8,20149,,8.767405233811587e-06,
8,20199,,1.3934276466898154e-05,
8,20249,,4.11150831496343e-05,
8,20299,,1.0964087778120302e-05,
8,20349,,1.930868711497169e-05,
8,20399,,1.9034712749999017e-05,
8,20449,,1.7498705346952192e-05,
8,20499,,1.6647234588162974e-05,
8,20549,,1.2219456948514562e-05,
8,20599,,1.9039307517232373e-05,
8,20649,,3.116550578852184e-05,
8,20699,,1.1136283319501672e-05,
8,20749,,1.5513696780544706e-05,
8,20799,,7.3550841079850215e-06,
8,20849,,1.3907148968428373e-05,
8,20899,,8.139094461512286e-06,
8,20949,,1.009254719974706e-05,
8,20999,,8.411456292378716e-06,
8,21049,,1.08199365058681e-05,
8,21099,,2.0745055735460483e-05,
8,21149,,6.539974492625333e-06,
8,21199,,8.877503205440007e-06,
8,21249,,1.3212701560405549e-05,
8,21299,,9.867733751889318e-06,
8,21349,,1.4051911421120167e-05,
8,21399,,1.1876373719132971e-05,
8,21449,,2.2931943021831103e-05,
8,21499,,1.704344140307512e-05,
8,21549,,4.823150084121153e-05,
8,21599,,1.3583699910668656e-05,
8,21649,,1.0913452570093796e-05,
8,21699,,1.641286871745251e-05,
8,21749,,1.3552174095821101e-05,
8,21799,,1.394965875078924e-05,
8,21849,,3.4778826375259086e-05,
8,21899,,1.960680674528703e-05,
8,21949,,1.434164460079046e-05,
8,21999,,2.2098543922766112e-05,
8,22049,,2.0264704289729707e-05,
8,22099,,1.5136954971239902e-05,
8,22149,,1.0090112482430413e-05,
8,22199,,1.517393047834048e-05,
8,22249,,9.455429790250491e-06,
8,22299,,1.1254770470259245e-05,
8,22349,,1.742850145092234e-05,
8,22399,,1.3778025277133565e-05,
8,22449,,1.8368440578342415e-05,
8,22499,,9.948939805326518e-06,
8,22499,,,1.653638537391089e-05
9,22549,,1.357550445391098e-05,
9,22599,,9.612444046069868e-06,
9,22649,,1.3037824828643352e-05,
9,22699,,1.1290644579275977e-05,
9,22749,,7.5518896665016655e-06,
9,22799,,1.9718594558071345e-05,
9,22849,,2.7126998247695155e-05,
9,22899,,1.374318526359275e-05,
9,22949,,1.849940417741891e-05,
9,22999,,4.67560748802498e-05,
9,23049,,6.041966480552219e-05,
9,23099,,5.340208008419722e-05,
9,23149,,2.1721503799199127e-05,
9,23199,,1.6894640793907456e-05,
9,23249,,1.0394606761110481e-05,
9,23299,,7.959890353959054e-06,
9,23349,,1.4228018699213862e-05,
9,23399,,9.801159649214242e-06,
9,23449,,9.280754056817386e-06,
9,23499,,1.3331384252524003e-05,
9,23549,,2.527638935134746e-05,
9,23599,,1.208940284413984e-05,
9,23649,,1.153333687398117e-05,
9,23699,,1.1760974302887917e-05,
9,23749,,1.6639711247989908e-05,
9,23799,,1.0465683772054035e-05,
9,23849,,5.665079243044602e-06,
9,23899,,1.124100890592672e-05,
9,23949,,2.01189086510567e-05,
9,23999,,1.6261035852949135e-05,
9,24049,,7.597997864650097e-06,
9,24099,,5.6752814998617396e-06,
9,24149,,1.9492648789309897e-05,
9,24199,,4.1363731725141406e-05,
9,24249,,6.715072231600061e-06,
9,24299,,1.2799075193470344e-05,
9,24349,,9.325430255557876e-06,
9,24399,,1.1507941053423565e-05,
9,24449,,9.420147762284614e-06,
9,24499,,1.1479608474473935e-05,
9,24549,,1.1178526619914919e-05,
9,24599,,1.0031499186879955e-05,
9,24649,,1.901614450616762e-05,
9,24699,,1.5608604371664114e-05,
9,24749,,1.2994714779779315e-05,
9,24799,,9.453283382754307e-06,
9,24849,,2.5267152523156255e-05,
9,24899,,2.098450204357505e-05,
9,24949,,1.2385676200210582e-05,
9,24999,,1.6370728189940564e-05,
9,24999,,,1.3143555406713858e-05
10,25049,,1.1894452654814813e-05,
10,25099,,1.6591719031566754e-05,
10,25149,,1.2654932106670458e-05,
10,25199,,8.12803136795992e-06,
10,25249,,1.3468411452777218e-05,
10,25299,,1.3534423487726599e-05,
10,25349,,2.1651032511726953e-05,
10,25399,,1.3094498171994928e-05,
10,25449,,9.920283446263056e-06,
10,25499,,9.903787940857e-06,
10,25549,,1.7915312128025107e-05,
10,25599,,2.0132552890572697e-05,
10,25649,,1.6763027815613896e-05,
10,25699,,1.068682104232721e-05,
10,25749,,1.3963671335659456e-05,
10,25799,,1.0280232345394325e-05,
10,25849,,1.278372928936733e-05,
10,25899,,1.6409157979069278e-05,
10,25949,,8.540756425645668e-06,
10,25999,,1.1166687727381941e-05,
10,26049,,1.2858635273005348e-05,
10,26099,,2.7321842935634777e-05,
10,26149,,1.0968085007334594e-05,
10,26199,,1.2959133528056554e-05,
10,26249,,1.4432847819989547e-05,
10,26299,,7.090918188623618e-06,
10,26349,,1.2247118320374284e-05,
10,26399,,1.1178328350069933e-05,
10,26449,,9.2088912424515e-06,
10,26499,,2.152102388208732e-05,
10,26549,,1.5870948118390515e-05,
10,26599,,8.512058229825925e-06,
10,26649,,1.1989963240921497e-05,
10,26699,,1.4025502423464786e-05,
10,26749,,1.0698560799937695e-05,
10,26799,,1.1798279956565239e-05,
10,26849,,3.8243324524955824e-05,
10,26899,,2.0600358766387217e-05,
10,26949,,2.8496862796600908e-05,
10,26999,,1.4535015907313209e-05,
10,27049,,1.13842261271202e-05,
10,27099,,1.2273503671167418e-05,
10,27149,,7.594960607093526e-06,
10,27199,,1.1665910278679803e-05,
10,27249,,2.8248095986782573e-05,
10,27299,,9.620531272958033e-06,
10,27349,,1.2960826097696554e-05,
10,27399,,1.822715057642199e-05,
10,27449,,1.0129859219887294e-05,
10,27499,,6.9766579144925345e-06,
10,27499,,,9.385022167407442e-06
11,27549,,6.5867161538335495e-06,
11,27599,,1.2406020687194541e-05,
11,27649,,1.2978175618627574e-05,
11,27699,,1.0352776371291839e-05,
11,27749,,1.4565307537850458e-05,
11,27799,,1.4218948308553081e-05,
11,27849,,9.89639556792099e-06,
11,27899,,1.3463812138070352e-05,
11,27949,,6.761910753994016e-06,
11,27999,,1.0571611710474826e-05,
11,28049,,1.7769729311112314e-05,
11,28099,,1.754766344674863e-05,
11,28149,,1.6053501894930378e-05,
11,28199,,1.4083080714044627e-05,
11,28249,,1.1229850315430667e-05,
11,28299,,8.004454684851225e-06,
11,28349,,1.9272780264145695e-05,
11,28399,,1.0942405424430035e-05,
11,28449,,1.264090769836912e-05,
11,28499,,8.925644578994252e-06,
11,28549,,1.4853899301670026e-05,
11,28599,,5.216169938648818e-06,
11,28649,,9.389235856360756e-06,
11,28699,,9.736651009006891e-06,
11,28749,,9.825643246585969e-06,
11,28799,,1.0866377124330029e-05,
11,28849,,1.2463379789551254e-05,
11,28899,,1.0118399586644955e-05,
11,28949,,9.09641312318854e-06,
11,28999,,1.207202785735717e-05,
11,29049,,2.858087100321427e-05,
11,29099,,5.604049874818884e-06,
11,29149,,6.8856807047268376e-06,
11,29199,,8.579361747251824e-06,
11,29249,,9.438080269319471e-06,
11,29299,,9.025007784657646e-06,
11,29349,,7.83199993747985e-06,
11,29399,,1.3118731658323668e-05,
11,29449,,8.668704140291084e-06,
11,29499,,1.7202844901476055e-05,
11,29549,,2.5674778953543864e-05,
11,29599,,9.097076144826133e-06,
11,29649,,7.752374585834332e-06,
11,29699,,1.4826162441750057e-05,
11,29749,,1.2381700798869133e-05,
11,29799,,1.4799207747273613e-05,
11,29849,,9.789803698367905e-06,
11,29899,,7.309713964787079e-06,
11,29949,,1.2034724022669252e-05,
11,29999,,6.964583008084446e-06,
11,29999,,,9.54439201450441e-06
12,30049,,5.819772013637703e-06,
12,30099,,1.607452031748835e-05,
12,30149,,1.1164213901793119e-05,
12,30199,,1.827624328143429e-05,
12,30249,,2.0457024220377207e-05,
12,30299,,6.755201411579037e-06,
12,30349,,7.103213192749536e-06,
12,30399,,9.06456170923775e-06,
12,30449,,1.1340884157107212e-05,
12,30499,,1.075757245416753e-05,
12,30549,,7.257924607984023e-06,
12,30599,,1.033739772537956e-05,
12,30649,,8.653086297272239e-06,
12,30699,,1.1140101378259715e-05,
12,30749,,9.601001693226863e-06,
12,30799,,9.35334446694469e-06,
12,30849,,1.0165074854739942e-05,
12,30899,,1.0198284144280478e-05,
12,30949,,8.899227395886555e-06,
12,30999,,2.6771824195748195e-05,
12,31049,,1.1504098438308574e-05,
12,31099,,7.492361419281224e-06,
12,31149,,1.1146657925564796e-05,
12,31199,,8.558308763895184e-06,
12,31249,,1.5439067283296026e-05,
12,31299,,1.0582553841231856e-05,
12,31349,,1.0676078090909868e-05,
12,31399,,7.267075034178561e-06,
12,31449,,9.249713002645876e-06,
12,31499,,8.479210919176694e-06,
12,31549,,2.7158735974808224e-05,
12,31599,,2.610683259263169e-05,
12,31649,,2.8257945814402774e-05,
12,31699,,2.3681934180785902e-05,
12,31749,,6.5758054006437305e-06,
12,31799,,7.846541848266497e-06,
12,31849,,9.42016140470514e-06,
12,31899,,6.476320322690299e-06,
12,31949,,9.24638061405858e-06,
12,31999,,1.4012958672537934e-05,
12,32049,,9.652660082792863e-06,
12,32099,,2.1251024008961394e-05,
12,32149,,1.603838973096572e-05,
12,32199,,9.987997145799454e-06,
12,32249,,6.371585186570883e-06,
12,32299,,1.5053122297103982e-05,
12,32349,,9.758967280504294e-06,
12,32399,,1.3954167116025928e-05,
12,32449,,1.4314290638139937e-05,
12,32499,,7.063911198201822e-06,
12,32499,,,9.205836249748245e-06
13,32549,,2.183716424042359e-05,
13,32599,,9.472216333961114e-06,
13,32649,,1.096441519621294e-05,
13,32699,,1.2233828783791978e-05,
13,32749,,1.4554041626979597e-05,
13,32799,,9.50338380789617e-06,
13,32849,,1.2001868526567705e-05,
13,32899,,3.837608346657362e-06,
13,32949,,1.082107519323472e-05,
13,32999,,8.46469083626289e-06,
13,33049,,8.68809820531169e-06,
13,33099,,9.238084203389008e-06,
13,33149,,1.2422019608493429e-05,
13,33199,,4.319321760704042e-06,
13,33249,,6.05006198384217e-06,
13,33299,,1.4852401363896206e-05,
13,33349,,1.1457304026407655e-05,
13,33399,,8.39175390865421e-06,
13,33449,,7.688207915634848e-06,
13,33499,,1.6255717127933167e-05,
13,33549,,8.410361260757782e-06,
13,33599,,6.598262643819908e-06,
13,33649,,5.2573027460312005e-06,
13,33699,,8.246322067861911e-06,
13,33749,,2.5665243811090477e-05,
13,33799,,8.848431207297835e-06,
13,33849,,1.2977794540347531e-05,
13,33899,,1.2829682418669108e-05,
13,33949,,1.046334182319697e-05,
13,33999,,1.0568036486802157e-05,
13,34049,,1.0664086403266992e-05,
13,34099,,9.189307093038224e-06,
13,34149,,1.8786993678077124e-05,
13,34199,,9.96271955955308e-06,
13,34249,,9.923890502250288e-06,
13,34299,,5.516621513379505e-06,
13,34349,,1.0211578228336293e-05,
13,34399,,8.924484973249491e-06,
13,34449,,1.3668679457623512e-05,
13,34499,,1.46287347888574e-05,
13,34549,,1.7458878573961556e-05,
13,34599,,1.2098739716748241e-05,
13,34649,,1.1275496035523247e-05,
13,34699,,3.2671749067958444e-05,
13,34749,,2.3087661247700453e-05,
13,34799,,1.4182754057401326e-05,
13,34849,,8.981088285509031e-06,
13,34899,,7.303243819478666e-06,
13,34949,,1.297567996516591e-05,
13,34999,,1.4466540051216725e-05,
13,34999,,,1.0438505341880955e-05
14,35049,,9.225733265338931e-06,
14,35099,,1.077626620826777e-05,
14,35149,,8.248184713011142e-06,
14,35199,,5.915595011174446e-06,
14,35249,,5.191241143620573e-06,
14,35299,,6.023867172189057e-06,
14,35349,,1.0572861356195062e-05,
14,35399,,1.376422824250767e-05,
14,35449,,4.784769771504216e-06,
14,35499,,8.239826456701849e-06,
14,35549,,9.331350156571716e-06,
14,35599,,1.3983042663312517e-05,
14,35649,,8.75437126524048e-06,
14,35699,,1.2761449397657998e-05,
14,35749,,1.1125225682917517e-05,
14,35799,,5.291678462526761e-06,
14,35849,,9.765970389707945e-06,
14,35899,,1.4320897207653616e-05,
14,35949,,6.452663910749834e-06,
14,35999,,1.734063698677346e-05,
14,36049,,8.946723028202541e-06,
14,36099,,1.1017382348654792e-05,
14,36149,,1.1527540664246771e-05,
14,36199,,8.328976036864333e-06,
14,36249,,2.6993902793037705e-05,
14,36299,,2.14641750062583e-05,
14,36349,,7.234567874547793e-06,
14,36399,,8.697565135662444e-06,
14,36449,,6.727718300680863e-06,
14,36499,,6.436342573579168e-06,
14,36549,,9.304863851866685e-06,
14,36599,,4.176757101959083e-06,
14,36649,,1.0750647561508231e-05,
14,36699,,1.0481150638952386e-05,
14,36749,,1.6567979400861077e-05,
14,36799,,7.896785064076539e-06,
14,36849,,2.1018675397499464e-05,
14,36899,,4.806653123523574e-06,
14,36949,,1.4238112271414138e-05,
14,36999,,1.0600324458209798e-05,
14,37049,,9.980391041608527e-06,
14,37099,,6.5190101850021165e-06,
14,37149,,5.830504960613325e-06,
14,37199,,8.64369940245524e-06,
14,37249,,1.2949450137966778e-05,
14,37299,,8.493571840517689e-06,
14,37349,,1.0893231774389278e-05,
14,37399,,4.62827392766485e-06,
14,37449,,1.2135661563661415e-05,
14,37499,,1.3730835235037375e-05,
14,37499,,,8.729929504625034e-06
15,37549,,1.18988573376555e-05,
15,37599,,1.0560109330981504e-05,
15,37649,,1.368504854326602e-05,
15,37699,,4.960186743119266e-06,
15,37749,,1.2086854439985473e-05,
15,37799,,9.487468560109846e-06,
15,37849,,1.6850970496307127e-05,
15,37899,,9.309273991675582e-06,
15,37949,,9.39256733545335e-06,
15,37999,,4.6050099626882e-06,
15,38049,,2.0550640329020098e-05,
15,38099,,4.138115855312208e-06,
15,38149,,1.650119520490989e-05,
15,38199,,4.719926891993964e-06,
15,38249,,9.35930984269362e-06,
15,38299,,1.1671279025904369e-05,
15,38349,,1.2226259968883824e-05,
15,38399,,9.270314876630437e-06,
15,38449,,7.1281269811152015e-06,
15,38499,,9.036279152496718e-06,
15,38549,,8.488506864523515e-06,
15,38599,,7.775683116051368e-06,
15,38649,,8.912340490496717e-06,
15,38699,,8.12751295597991e-06,
15,38749,,8.40210668684449e-06,
15,38799,,2.3010925360722467e-05,
15,38849,,2.4877937903511338e-05,
15,38899,,1.3717716683459003e-05,
15,38949,,5.9841599977517035e-06,
15,38999,,8.754876944294665e-06,
15,39049,,1.4352601283462718e-05,
15,39099,,6.966186901991023e-06,
15,39149,,9.986359145841561e-06,
15,39199,,9.702846000436693e-06,
15,39249,,6.971874881855911e-06,
15,39299,,8.570995305490214e-06,
15,39349,,4.376609012979316e-06,
15,39399,,1.0445824955240823e-05,
15,39449,,8.380585313716438e-06,
15,39499,,6.986124390095938e-06,
15,39549,,9.132341801887378e-06,
15,39599,,9.647846127336379e-06,
15,39649,,7.642453965672757e-06,
15,39699,,8.492615961586125e-06,
15,39749,,6.580362878594315e-06,
15,39799,,1.9873978089890443e-05,
15,39849,,1.678863372944761e-05,
15,39899,,7.754209036647808e-06,
15,39949,,6.276125986914849e-06,
15,39999,,1.2499219337769318e-05,
15,39999,,,1.7799615307012573e-05
16,40049,,1.815084215195384e-05,
16,40099,,1.978797445190139e-05,
16,40149,,1.0741209734987933e-05,
16,40199,,8.459111086267512e-06,
16,40249,,1.2245475772942882e-05,
16,40299,,5.42926682101097e-06,
16,40349,,9.343768397229724e-06,
16,40399,,1.2863014489994384e-05,
16,40449,,9.974848580895923e-06,
16,40499,,7.173413905547932e-06,
16,40549,,5.220180810283637e-06,
16,40599,,9.804686669667717e-06,
16,40649,,8.589849130657967e-06,
16,40699,,8.578615052101668e-06,
16,40749,,8.0767222243594e-06,
16,40799,,5.121469257574063e-06,
16,40849,,6.964819931454258e-06,
16,40899,,7.583181741210865e-06,
16,40949,,1.374302610201994e-05,
16,40999,,5.040327778260689e-06,
16,41049,,7.864819963288028e-06,
16,41099,,1.0442572602187283e-05,
16,41149,,8.673941010783892e-06,
16,41199,,1.0704879969125614e-05,
16,41249,,7.553041541541461e-06,
16,41299,,4.447618266567588e-06,
16,41349,,8.101425919448957e-06,
16,41399,,6.028606549079996e-06,
16,41449,,7.753304998914246e-06,
16,41499,,4.935649940307485e-06,
16,41549,,5.045496891398216e-06,
16,41599,,1.0563787327555474e-05,
16,41649,,9.33653336687712e-06,
16,41699,,1.7865622794488445e-05,
16,41749,,9.33530736801913e-06,
16,41799,,1.0761616067611612e-05,
16,41849,,9.147107448370662e-06,
16,41899,,1.3404961464402732e-05,
16,41949,,7.143913535401225e-06,
16,41999,,7.39191591492272e-06,
16,42049,,1.2621489986486267e-05,
16,42099,,1.1977482245129067e-05,
16,42149,,1.0169947927352041e-05,
16,42199,,7.140088655432919e-06,
16,42249,,9.212740224029403e-06,
16,42299,,9.620730452297721e-06,
16,42349,,9.33488627197221e-06,
16,42399,,1.3122398740961216e-05,
16,42449,,7.995898158696946e-06,
16,42499,,8.498484021401964e-06,
16,42499,,,8.284586328954902e-06
17,42549,,7.932992957648821e-06,
17,42599,,1.0127515452040825e-05,
17,42649,,2.389788096479606e-05,
17,42699,,6.871457571833162e-06,
17,42749,,1.1640155207714997e-05,
17,42799,,4.860062290390488e-06,
17,42849,,6.191686225065496e-06,
17,42899,,4.327715942054056e-06,
17,42949,,9.473272257309873e-06,
17,42999,,1.0918775842583273e-05,
17,43049,,7.338625891861739e-06,
17,43099,,7.184060450526886e-06,
17,43149,,4.715057912108023e-06,
17,43199,,1.2492405403463636e-05,
17,43249,,1.4526533050229773e-05,
17,43299,,8.2539600043674e-06,
17,43349,,7.397087756544352e-06,
17,43399,,7.280542376975063e-06,
17,43449,,5.802858595416183e-06,
17,43499,,8.288141543744132e-06,
17,43549,,4.81060078527662e-06,
17,43599,,4.656690180127043e-06,
17,43649,,1.7557449609739706e-05,
17,43699,,7.627451850567013e-06,
17,43749,,6.807454155932646e-06,
17,43799,,7.4856015999102965e-06,
17,43849,,6.221953299245797e-06,
17,43899,,8.901853107090574e-06,
17,43949,,7.442825790349161e-06,
17,43999,,6.9879047259746585e-06,
17,44049,,7.324154466914479e-06,
17,44099,,6.680517799395602e-06,
17,44149,,2.137287810910493e-05,
17,44199,,7.793889380991459e-06,
17,44249,,6.700187441310845e-06,
17,44299,,8.706650987733155e-06,
17,44349,,4.670879934565164e-05,
17,44399,,1.1554936463653576e-05,
17,44449,,7.564505722257309e-06,
17,44499,,6.613174718950177e-06,
17,44549,,8.666149369673803e-06,
17,44599,,8.64679259393597e-06,
17,44649,,7.38619110052241e-06,
17,44699,,8.341107786691282e-06,
17,44749,,9.613859219825827e-06,
17,44799,,8.550080565328244e-06,
17,44849,,7.413319508486893e-06,
17,44899,,1.0535520232224371e-05,
17,44949,,1.3854784810973797e-05,
17,44999,,8.647399226902053e-06,
17,44999,,,1.712275479803793e-05
18,45049,,1.5325140338973142e-05,
18,45099,,1.943692404893227e-05,
18,45149,,1.422782224835828e-05,
18,45199,,9.864671483228449e-06,
18,45249,,9.39848177949898e-06,
18,45299,,5.103463990963064e-06,
18,45349,,8.680263817950618e-06,
18,45399,,6.3886332100082655e-06,
18,45449,,1.6030364349717274e-05,
18,45499,,9.238857273885515e-06,
18,45549,,5.678547040588455e-06,
18,45599,,1.4164746062306222e-05,
18,45649,,9.095518180401996e-06,
18,45699,,8.188259926100727e-06,
18,45749,,8.840115697239526e-06,
18,45799,,3.936350822186796e-06,
18,45849,,3.0599037472711643e-06,
18,45899,,1.1379663192201406e-05,
18,45949,,4.592474851961015e-06,
18,45999,,5.897446499147918e-06,
18,46049,,8.471048204228282e-06,
18,46099,,1.0154354640690144e-05,
18,46149,,4.834159426536644e-06,
18,46199,,6.121170372352935e-06,
18,46249,,7.948126949486323e-06,
18,46299,,6.715675681334687e-06,
18,46349,,8.58640851220116e-06,
18,46399,,7.218774953798857e-06,
18,46449,,1.0096963706018869e-05,
18,46499,,6.3543593569193035e-06,
18,46549,,1.2651889846893027e-05,
18,46599,,6.165642389532877e-06,
18,46649,,4.225718839734327e-06,
18,46699,,8.139644705806859e-06,
18,46749,,7.211573120002868e-06,
18,46799,,9.073385626834352e-06,
18,46849,,8.154218448908068e-06,
18,46899,,9.793193385121413e-06,
18,46949,,6.927825324964942e-06,
18,46999,,4.230500962876249e-06,
18,47049,,4.163976427662419e-06,
18,47099,,7.486100003006868e-06,
18,47149,,5.592634352069581e-06,
18,47199,,1.3006903827772476e-05,
18,47249,,1.269247422897024e-05,
18,47299,,1.4625476069340948e-05,
18,47349,,1.3752562153968029e-05,
18,47399,,1.1854382137244102e-05,
18,47449,,1.1471563084342051e-05,
18,47499,,1.3660237527801655e-05,
18,47499,,,8.03199964138912e-06
19,47549,,6.102413863118272e-06,
19,47599,,3.782650310313329e-06,
19,47649,,8.904141395760234e-06,
19,47699,,6.0324482547002845e-06,
19,47749,,5.144528586242814e-06,
19,47799,,7.285596439032815e-06,
19,47849,,8.075142432062421e-06,
19,47899,,6.486424808826996e-06,
19,47949,,6.782999662391376e-06,
19,47999,,5.545945441554068e-06,
19,48049,,1.0827268852153793e-05,
19,48099,,1.2032610356982332e-05,
19,48149,,6.1825512602808885e-06,
19,48199,,8.942969543568324e-06,
19,48249,,7.888571417424828e-06,
19,48299,,1.4086161172599532e-05,
19,48349,,6.343335371639114e-06,
19,48399,,6.2989779507915955e-06,
19,48449,,1.3995605513628107e-05,
19,48499,,7.720707799308002e-06,
19,48549,,1.0056439350591972e-05,
19,48599,,4.255254680174403e-06,
19,48649,,3.889832896675216e-06,
19,48699,,8.003689799807034e-06,
19,48749,,6.989415396674303e-06,
19,48799,,8.263399649877101e-06,
19,48849,,1.0192489753535483e-05,
19,48899,,5.874926500837319e-06,
19,48949,,5.230133865552489e-06,
19,48999,,1.1113169421150815e-05,
19,49049,,9.978934031096287e-06,
19,49099,,1.163066099252319e-05,
19,49149,,5.579437129199505e-06,
19,49199,,6.470992047979962e-06,
19,49249,,9.685727491159923e-06,
19,49299,,5.780266292276792e-06,
19,49349,,7.562662176496815e-06,
19,49399,,1.4906973774486687e-05,
19,49449,,9.217317710863426e-06,
19,49499,,1.075050840881886e-05,
19,49549,,6.973786639719037e-06,
19,49599,,1.1566534340090584e-05,
19,49649,,1.070210782927461e-05,
19,49699,,1.0030400517280214e-05,
19,49749,,8.97697373147821e-06,
19,49799,,8.704128049430437e-06,
19,49849,,1.0472479516465683e-05,
19,49899,,8.951588824857026e-06,
19,49949,,9.827102985582314e-06,
19,49999,,6.614340236410499e-06,
19,49999,,,7.570039542770246e-06
20,50049,,8.139374585880432e-06,
20,50099,,1.0199349162576254e-05,
20,50149,,5.915982910664752e-06,
20,50199,,3.8009879972378258e-06,
20,50249,,5.360522209230112e-06,
20,50299,,9.624647645978257e-06,
20,50349,,6.510613729915349e-06,
20,50399,,8.137645636452362e-06,
20,50449,,7.819315214874223e-06,
20,50499,,9.566716471454129e-06,
20,50549,,6.515079803648405e-06,
20,50599,,8.272536433651112e-06,
20,50649,,8.636869097244926e-06,
20,50699,,1.1546570021891966e-05,
20,50749,,9.106913239520509e-06,
20,50799,,1.2921269444632344e-05,
20,50849,,5.992670139676193e-06,
20,50899,,9.302566468250006e-06,
20,50949,,4.3331756387487985e-06,
20,50999,,1.0165326784772333e-05,
20,51049,,9.241056432074402e-06,
20,51099,,1.0589620615064632e-05,
20,51149,,7.545933385699755e-06,
20,51199,,7.096690751495771e-06,
20,51249,,8.335780876222998e-06,
20,51299,,6.1909586293040775e-06,
20,51349,,6.330442829494132e-06,
20,51399,,9.909043910738546e-06,
20,51449,,4.379770416562678e-06,
20,51499,,9.660724572313484e-06,
20,51549,,4.362479103292571e-06,
20,51599,,1.2114075616409536e-05,
20,51649,,8.344527486769948e-06,
20,51699,,8.156755939126015e-06,
20,51749,,1.6229872926487587e-05,
20,51799,,1.1660385098366532e-05,
20,51849,,5.517401859833626e-06,
20,51899,,4.390873982629273e-06,
20,51949,,6.070548351999605e-06,
20,51999,,3.881481916323537e-06,
20,52049,,2.0171974028926343e-05,
20,52099,,8.013543265406042e-06,
20,52149,,6.77182379149599e-06,
20,52199,,6.622105502174236e-06,
20,52249,,6.27366398475715e-06,
20,52299,,1.638512549106963e-05,
20,52349,,2.0804893210879527e-05,
20,52399,,1.1971098501817323e-05,
20,52449,,7.720607754890807e-06,
20,52499,,6.219025181053439e-06,
20,52499,,,7.063405973894987e-06
21,52549,,4.177153641649056e-06,
21,52599,,5.188976956560509e-06,
21,52649,,4.4536877794598695e-06,
21,52699,,4.87715124108945e-06,
21,52749,,3.456239710430964e-06,
21,52799,,7.412950708385324e-06,
21,52849,,5.547291038965341e-06,
21,52899,,4.923087544739246e-06,
21,52949,,8.655126293888316e-06,
21,52999,,6.0973620747972745e-06,
21,53049,,9.093100743484683e-06,
21,53099,,7.2388020271318965e-06,
21,53149,,1.0919459782599006e-05,
21,53199,,7.61304545449093e-06,
21,53249,,8.690572940395214e-06,
21,53299,,6.811033017584123e-06,
21,53349,,5.657801466441015e-06,
21,53399,,8.824239557725377e-06,
21,53449,,9.569850590196438e-06,
21,53499,,9.458077329327352e-06,
21,53549,,5.8814352996705566e-06,
21,53599,,4.4644298213825095e-06,
21,53649,,8.350277312274557e-06,
21,53699,,5.7114175433525816e-06,
21,53749,,3.7125566905160667e-06,
21,53799,,8.027124749787617e-06,
21,53849,,7.147457381506683e-06,
21,53899,,6.69423388899304e-06,
21,53949,,3.740116653716541e-06,
21,53999,,2.2231537514016964e-05,
21,54049,,5.603594217973296e-06,
21,54099,,6.7717496676777955e-06,
21,54149,,4.3163213376828935e-06,
21,54199,,6.038580522726988e-06,
21,54249,,6.807318641222082e-06,
21,54299,,1.2445651918824296e-05,
21,54349,,6.128817858552793e-06,
21,54399,,8.871808859112207e-06,
21,54449,,9.71252393355826e-06,
21,54499,,9.18879777600523e-06,
21,54549,,5.901636541238986e-06,
21,54599,,9.33110095502343e-06,
21,54649,,9.375185982207768e-06,
21,54699,,1.844665894168429e-05,
21,54749,,1.2831415915570688e-05,
21,54799,,1.5424517187057063e-05,
21,54849,,5.82759366807295e-06,
21,54899,,8.666623216413427e-06,
21,54949,,6.129749635874759e-06,
21,54999,,6.574519375135424e-06,
21,54999,,,6.231453426153166e-06
22,55049,,9.298025361204054e-06,
22,55099,,1.0994792319252156e-05,
22,55149,,5.516778855962912e-06,
22,55199,,6.36083132121712e-06,
22,55249,,6.456468781834701e-06,
22,55299,,4.574631475406932e-06,
22,55349,,4.766050096804975e-06,
22,55399,,4.904743036604486e-06,
22,55449,,6.295159892033553e-06,
22,55499,,5.598607003776124e-06,
22,55549,,4.958962108503329e-06,
22,55599,,7.193932106019929e-06,
22,55649,,4.926132987748133e-06,
22,55699,,7.648912287550047e-06,
22,55749,,6.97572204444441e-06,
22,55799,,7.797016223776154e-06,
22,55849,,7.944202479848173e-06,
22,55899,,6.894281796121504e-06,
22,55949,,4.914797045785235e-06,
22,55999,,6.194721208885312e-06,
22,56049,,1.5882033039815724e-05,
22,56099,,6.842012680863263e-06,
22,56149,,1.0949109309876803e-05,
22,56199,,7.9566825661459e-06,
22,56249,,6.4731493694125675e-06,
22,56299,,5.2378450163814705e-06,
22,56349,,7.386981906165602e-06,
22,56399,,8.566912583773956e-06,
22,56449,,1.0174340786761604e-05,
22,56499,,1.1844909749925137e-05,
22,56549,,4.61748049929156e-06,
22,56599,,1.1630192602751777e-05,
22,56649,,1.1076527698605787e-05,
22,56699,,4.667641405831091e-06,
22,56749,,4.624695520760724e-06,
22,56799,,1.1403079042793252e-05,
22,56849,,4.893034201813862e-06,
22,56899,,4.553915459837299e-06,
22,56949,,3.104476263615652e-06,
22,56999,,3.5587256661528954e-06,
22,57049,,5.9870717450394295e-06,
22,57099,,7.671626917726826e-06,
22,57149,,6.7794076130667236e-06,
22,57199,,5.790089744550642e-06,
22,57249,,8.28450356493704e-06,
22,57299,,1.0903228940151166e-05,
22,57349,,6.4497139646846335e-06,
22,57399,,8.634971891297027e-06,
22,57449,,5.87306521993014e-06,
22,57499,,6.6844295361079276e-06,
22,57499,,,7.3063274612650275e-06
23,57549,,5.39540951649542e-06,
23,57599,,9.01171279110713e-06,
23,57649,,9.013964699988719e-06,
23,57699,,5.281638095766539e-06,
23,57749,,5.9335288824513555e-06,
23,57799,,5.068564860266633e-06,
23,57849,,2.483923344698269e-05,
23,57899,,6.3037441577762365e-06,
23,57949,,1.0770808330562431e-05,
23,57999,,1.0746495718194637e-05,
23,58049,,8.21796857053414e-06,
23,58099,,1.040760071191471e-05,
23,58149,,1.0574853149591945e-05,
23,58199,,6.003188900649548e-06,
23,58249,,5.169267751625739e-06,
23,58299,,3.9474916775361635e-06,
23,58349,,4.710335815616418e-06,
23,58399,,7.960988114064094e-06,
23,58449,,8.2809428931796e-06,
23,58499,,1.1854002877953462e-05,
23,58549,,9.13121948542539e-06,
23,58599,,8.8084507297026e-06,
23,58649,,1.1244771485507954e-05,
23,58699,,7.704964446020313e-06,
23,58749,,9.029592547449283e-06,
23,58799,,4.292043740861118e-06,
23,58849,,4.192988399154274e-06,
23,58899,,6.35584501651465e-06,
23,58949,,1.0323104106646497e-05,
23,58999,,1.5226509276544675e-05,
23,59049,,1.173676810140023e-05,
23,59099,,8.162486665241886e-06,
23,59149,,5.006198534829309e-06,
23,59199,,8.324305781570729e-06,
23,59249,,7.402398750855355e-06,
23,59299,,5.624252935376717e-06,
23,59349,,4.120547600905411e-06,
23,59399,,3.8926709748920985e-06,
23,59449,,4.885428552370286e-06,
23,59499,,7.242849278554786e-06,
23,59549,,6.367934929585317e-06,
23,59599,,4.001657543994952e-06,
23,59649,,3.1970178042683983e-06,
23,59699,,5.287294243316865e-06,
23,59749,,4.2135407056775875e-06,
23,59799,,9.822803804127034e-06,
23,59849,,9.346589649794623e-06,
23,59899,,6.9695402089564595e-06,
23,59949,,7.291443125723163e-06,
23,59999,,8.446081665169913e-06,
23,59999,,,8.109720511129126e-06
24,60049,,6.177182058308972e-06,
24,60099,,7.1428062256018165e-06,
24,60149,,1.4566387108061463e-05,
24,60199,,5.196970050747041e-06,
24,60249,,5.147101092006778e-06,
24,60299,,1.5892601368250325e-05,
24,60349,,1.0216298505838495e-05,
24,60399,,6.510570528917015e-06,
24,60449,,5.310702817951096e-06,
24,60499,,4.936728146276437e-06,
24,60549,,6.462201326939976e-06,
24,60599,,6.601001587114297e-06,
24,60649,,4.54117343906546e-06,
24,60699,,5.067664915259229e-06,
24,60749,,7.762358109175693e-06,
24,60799,,2.6500899821257917e-06,
24,60849,,3.0383187095139874e-06,
24,60899,,1.5821664419490844e-05,
24,60949,,6.998114713496761e-06,
24,60999,,8.859132321958896e-06,
24,61049,,8.709839676157571e-06,
24,61099,,7.034136615402531e-06,
24,61149,,1.1146729775646236e-05,
24,61199,,1.5600006008753553e-05,
24,61249,,5.127278654981637e-06,
24,61299,,8.478340532747097e-06,
24,61349,,1.1898095181095414e-05,
24,61399,,6.571374797204044e-06,
24,61449,,4.50990683020791e-06,
24,61499,,3.892988388543017e-06,
24,61549,,5.0033654588332865e-06,
24,61599,,6.3005481933942065e-06,
24,61649,,2.7343571673554834e-06,
24,61699,,5.2587129175662994e-06,
24,61749,,4.1389585021534e-06,
24,61799,,4.6500404096150305e-06,
24,61849,,5.394251274992712e-06,
24,61899,,7.788151378917973e-06,
24,61949,,3.667698820208898e-06,
24,61999,,7.2474131229682826e-06,
24,62049,,6.274023689911701e-06,
24,62099,,6.924189619894605e-06,
24,62149,,4.572608759190189e-06,
24,62199,,4.752489985548891e-06,
24,62249,,5.972111466689967e-06,
24,62299,,7.525672572228359e-06,
24,62349,,1.1960443771386053e-05,
24,62399,,9.46332420426188e-06,
24,62449,,1.097179210773902e-05,
24,62499,,4.745011665363563e-06,
24,62499,,,6.714438768540276e-06
25,62549,,1.3956255315861199e-05,
25,62599,,8.978677215054631e-06,
25,62649,,5.827782842970919e-06,
25,62699,,5.049272658652626e-06,
25,62749,,1.0662564818630926e-05,
25,62799,,1.545943450764753e-05,
25,62849,,9.464882168686017e-06,
25,62899,,6.017587566020666e-06,
25,62949,,3.962521077482961e-06,
25,62999,,3.535444420776912e-06,
25,63049,,3.851249857689254e-06,
25,63099,,4.5739034248981625e-06,
25,63149,,9.156046871794388e-06,
25,63199,,3.700998604472261e-06,
25,63249,,6.679648777208058e-06,
25,63299,,5.956818313279655e-06,
25,63349,,8.737213647691533e-06,
25,63399,,7.865492079872638e-06,
25,63449,,7.510489012929611e-06,
25,63499,,5.190560386836296e-06,
25,63549,,4.377717687020777e-06,
25,63599,,6.2647804952575825e-06,
25,63649,,6.28357520326972e-06,
25,63699,,5.2170694289088715e-06,
25,63749,,6.257039331103442e-06,
25,63799,,5.033136403653771e-06,
25,63849,,4.729346073872875e-06,
25,63899,,6.012227913743118e-06,
25,63949,,5.05066509504104e-06,
25,63999,,7.941776857478544e-06,
25,64049,,9.976080946216825e-06,
25,64099,,6.543817107740324e-06,
25,64149,,5.118959961691871e-06,
25,64199,,7.010743502178229e-06,
25,64249,,4.579239430313464e-06,
25,64299,,6.848906195955351e-06,
25,64349,,4.825531050300924e-06,
25,64399,,5.072106887382688e-06,
25,64449,,8.830380465951748e-06,
25,64499,,9.712730388855562e-06,
25,64549,,1.6747133486205712e-05,
25,64599,,6.160032171464991e-06,
25,64649,,8.621746928838547e-06,
25,64699,,8.743089892959688e-06,
25,64749,,1.0721302714955527e-05,
25,64799,,3.6357080261950614e-06,
25,64849,,7.69226153352065e-06,
25,64899,,4.01724628318334e-06,
25,64949,,6.22281640971778e-06,
25,64999,,7.555961474281503e-06,
25,64999,,,8.200236152333673e-06
26,65049,,5.197855443839217e-06,
26,65099,,9.788726856641006e-06,
26,65149,,9.497012797510251e-06,
26,65199,,7.789572009642143e-06,
26,65249,,6.727557774866e-06,
26,65299,,3.639143415057333e-06,
26,65349,,6.721187673974782e-06,
26,65399,,8.406285814999137e-06,
26,65449,,3.871817170875147e-06,
26,65499,,4.979637651558733e-06,
26,65549,,7.542676939920057e-06,
26,65599,,6.6450415943108965e-06,
26,65649,,9.46698128245771e-06,
26,65699,,5.938040885666851e-06,
26,65749,,1.011353378999047e-05,
26,65799,,6.082429536036216e-06,
26,65849,,8.457433068542741e-06,
26,65899,,5.4085476222098805e-06,
26,65949,,6.652180218225112e-06,
26,65999,,4.212076873955084e-06,
26,66049,,5.804182819701964e-06,
26,66099,,4.2463270801818e-06,
26,66149,,4.035382971778745e-06,
26,66199,,7.308871317945886e-06,
26,66249,,8.601436093158554e-06,
26,66299,,5.4138067753228825e-06,
26,66349,,5.157598025107291e-06,
26,66399,,4.888696821581107e-06,
26,66449,,4.921272193314508e-06,
26,66499,,4.991920832253527e-06,
26,66549,,7.40210907679284e-06,
26,66599,,5.8400923990120646e-06,
26,66649,,5.463396973937051e-06,
26,66699,,6.605032012885204e-06,
26,66749,,8.81402229424566e-06,
26,66799,,5.282938218442723e-06,
26,66849,,3.760550725928624e-06,
26,66899,,1.541261917736847e-05,
26,66949,,6.418475550162839e-06,
26,66999,,8.42421650304459e-06,
26,67049,,4.037344297103118e-06,
26,67099,,5.257807970338035e-06,
26,67149,,5.223728749115253e-06,
26,67199,,5.086510100227315e-06,
26,67249,,5.081612926005619e-06,
26,67299,,4.888067905994831e-06,
26,67349,,4.335467565397266e-06,
26,67399,,7.18119008524809e-06,
26,67449,,2.996312787217903e-06,
26,67499,,4.797523160959827e-06,
26,67499,,,5.088471425551688e-06
27,67549,,3.933690095436759e-06,
27,67599,,5.065534878667677e-06,
27,67649,,7.322047622437822e-06,
27,67699,,4.5953315748192836e-06,
27,67749,,4.052458280057181e-06,
27,67799,,5.325567144609522e-06,
27,67849,,6.6375596361467615e-06,
27,67899,,5.7623456086730585e-06,
27,67949,,5.363883701647865e-06,
27,67999,,9.78893422143301e-06,
27,68049,,5.643118583975593e-06,
27,68099,,5.232005605648737e-06,
27,68149,,7.242627816594904e-06,
27,68199,,8.039474778342992e-06,
27,68249,,4.184026238363003e-06,
27,68299,,4.447231731319334e-06,
27,68349,,9.029188731801696e-06,
27,68399,,8.2031738202204e-06,
27,68449,,1.3151391613064334e-05,
27,68499,,6.1182258832559455e-06,
27,68549,,1.4933508282410912e-05,
27,68599,,1.0983034371747635e-05,
27,68649,,8.194124347937759e-06,
27,68699,,1.9608045477070846e-05,
27,68749,,6.190980002429569e-06,
27,68799,,5.260982561594574e-06,
27,68849,,1.1570801689231303e-05,
27,68899,,5.119068191561382e-06,
27,68949,,5.424055416369811e-06,
27,68999,,4.572508260025643e-06,
27,69049,,7.538245426985668e-06,
27,69099,,5.655772383761359e-06,
27,69149,,5.697314009012189e-06,
27,69199,,5.637201411445858e-06,
27,69249,,7.232112238853006e-06,
27,69299,,3.504324467940023e-06,
27,69349,,4.752247605210869e-06,
27,69399,,6.365180979628349e-06,
27,69449,,5.825391781399958e-06,
27,69499,,4.515499313129112e-06,
27,69549,,3.891886535711819e-06,
27,69599,,3.7018021430412773e-06,
27,69649,,4.717015144706238e-06,
27,69699,,3.763751692531514e-06,
27,69749,,4.72262308903737e-06,
27,69799,,8.041835826588795e-06,
27,69849,,6.163860234664753e-06,
27,69899,,5.069386133982334e-06,
27,69949,,7.370014373009326e-06,
27,69999,,1.0869848665606696e-05,
27,69999,,,5.2385498747753445e-06
28,70049,,5.709823199140374e-06,
28,70099,,4.3425761759863235e-06,
28,70149,,6.990958354435861e-06,
28,70199,,8.536403584002983e-06,
28,70249,,8.881178473529872e-06,
28,70299,,7.669478691241238e-06,
28,70349,,4.507308403844945e-06,
28,70399,,1.5817062376299873e-05,
28,70449,,5.23916833117255e-06,
28,70499,,5.7478300732327625e-06,
28,70549,,4.125989107706118e-06,
28,70599,,1.095542211260181e-05,
28,70649,,5.5803325267334e-06,
28,70699,,4.239233021507971e-06,
28,70749,,5.4777074183220975e-06,
28,70799,,2.795281716316822e-06,
28,70849,,8.670829629409127e-06,
28,70899,,5.601792963716434e-06,
28,70949,,5.717583917430602e-06,
28,70999,,4.973994236934232e-06,
28,71049,,5.914818757446483e-06,
28,71099,,4.931880994263338e-06,
28,71149,,4.72292049380485e-06,
28,71199,,5.397211680246983e-06,
28,71249,,1.418742976966314e-05,
28,71299,,8.610642908024602e-06,
28,71349,,4.4426810745790135e-06,
28,71399,,7.791669304424431e-06,
28,71449,,4.066101610078476e-06,
28,71499,,4.736341452371562e-06,
28,71549,,6.612943252548575e-06,
28,71599,,5.065511231805431e-06,
28,71649,,9.833130206970964e-06,
28,71699,,1.1246866051806137e-05,
28,71749,,6.923221917531919e-06,
28,71799,,6.2734761741012335e-06,
28,71849,,4.405020263220649e-06,
28,71899,,6.399819540092722e-06,
28,71949,,4.492427706281887e-06,
28,71999,,3.0979088023741497e-06,
28,72049,,4.033214281662367e-06,
28,72099,,4.736281880468596e-06,
28,72149,,3.780832230404485e-06,
28,72199,,6.3756556301086675e-06,
28,72249,,8.183052159438375e-06,
28,72299,,7.2737361733743455e-06,
28,72349,,4.998835265723756e-06,
28,72399,,8.0865711424849e-06,
28,72449,,3.6997450933995424e-06,
28,72499,,3.781791974688531e-06,
28,72499,,,4.588676802086411e-06
29,72549,,3.4404019970679656e-06,
29,72599,,7.16422528057592e-06,
29,72649,,4.256414740666514e-06,
29,72699,,4.131669811613392e-06,
29,72749,,5.297773441270692e-06,
29,72799,,1.1110511877632234e-05,
29,72849,,3.860475317196688e-06,
29,72899,,4.896091923001222e-06,
29,72949,,5.581752247962868e-06,
29,72999,,6.45704267299152e-06,
29,73049,,5.0275016292289365e-06,
29,73099,,5.146927833266091e-06,
29,73149,,5.3103490245121066e-06,
29,73199,,4.644826731237117e-06,
29,73249,,1.0065115020552184e-05,
29,73299,,6.8941762947360985e-06,
29,73349,,3.5161849609721685e-06,
29,73399,,6.854484581708675e-06,
29,73449,,6.5293197621940635e-06,
29,73499,,4.822479240829125e-06,
29,73549,,5.367775429476751e-06,
29,73599,,6.2503777371603064e-06,
29,73649,,9.683835742180236e-06,
29,73699,,1.4601470866182353e-05,
29,73749,,7.301036021090113e-06,
29,73799,,5.082293682789896e-06,
29,73849,,2.9006814656895585e-06,
29,73899,,6.551250407937914e-06,
29,73949,,5.763062745245406e-06,
29,73999,,8.309426448249724e-06,
29,74049,,5.597004019364249e-06,
29,74099,,3.3447743135184282e-06,
29,74149,,5.958367637504125e-06,
29,74199,,5.028792202210752e-06,
29,74249,,4.481462838157313e-06,
29,74299,,4.507963240030222e-06,
29,74349,,3.1357028547063237e-06,
29,74399,,1.0167606887989677e-05,
29,74449,,5.6283793128386606e-06,
29,74499,,4.846113370149396e-06,
29,74549,,5.44950444236747e-06,
29,74599,,8.865173185768072e-06,
29,74649,,3.3402959616068983e-06,
29,74699,,3.041988520635641e-06,
29,74749,,3.4666081774048507e-06,
29,74799,,7.3454757512081414e-06,
29,74849,,5.120852620166261e-06,
29,74899,,4.7659264055255335e-06,
29,74949,,4.905974037683336e-06,
29,74999,,5.274050636216998e-06,
29,74999,,,5.557729309657589e-06
30,75049,,5.205733486945974e-06,
30,75099,,1.1255322533543222e-05,
30,75149,,9.403137482877355e-06,
30,75199,,8.789486855675932e-06,
30,75249,,9.006251275422983e-06,
30,75299,,9.880281140794978e-06,
30,75349,,9.832038813328836e-06,
30,75399,,8.29230066301534e-06,
30,75449,,5.108774985274067e-06,
30,75499,,2.4365592707908945e-06,
30,75549,,6.077468697185395e-06,
30,75599,,5.9378467085480224e-06,
30,75649,,6.475361260527279e-06,
30,75699,,4.139152224524878e-06,
30,75749,,5.412633981904946e-06,
30,75799,,2.6256134333380032e-06,
30,75849,,1.7781614587875083e-05,
30,75899,,1.3863114872947335e-05,
30,75949,,1.1575972166610882e-05,
30,75999,,6.3107777350523975e-06,
30,76049,,7.313494734262349e-06,
30,76099,,5.222941581450868e-06,
30,76149,,6.83630150888348e-06,
30,76199,,6.377499630616512e-06,
30,76249,,4.109620931558311e-06,
30,76299,,5.783603228337597e-06,
30,76349,,5.778665581601672e-06,
30,76399,,3.848387677862775e-06,
30,76449,,3.402097263460746e-06,
30,76499,,3.5576601931097684e-06,
30,76549,,4.730616637971252e-06,
30,76599,,1.5381139746750705e-05,
30,76649,,9.77039962890558e-06,
30,76699,,4.911192263534758e-06,
30,76749,,4.918593731417786e-06,
30,76799,,7.1783656494517345e-06,
30,76849,,3.890414973284351e-06,
30,76899,,5.51332050235942e-06,
30,76949,,3.582535327950609e-06,
30,76999,,5.24750930708251e-06,
30,77049,,2.6767386316350894e-06,
30,77099,,1.1698872185661457e-05,
30,77149,,6.762789325875929e-06,
30,77199,,6.660211511189118e-06,
30,77249,,6.363368356687715e-06,
30,77299,,5.981178674119292e-06,
30,77349,,4.0232921492133755e-06,
30,77399,,5.476907062984537e-06,
30,77449,,4.252264716342324e-06,
30,77499,,6.616037353524007e-06,
30,77499,,,7.54111397327506e-06
31,77549,,5.778829745395342e-06,
31,77599,,4.760982392326696e-06,
31,77649,,3.908808594133006e-06,
31,77699,,5.432248599390732e-06,
31,77749,,7.254340744111687e-06,
31,77799,,8.895583050616551e-06,
31,77849,,4.3286108848406e-06,
31,77899,,2.173837174268556e-06,
31,77949,,4.75620345241623e-06,
31,77999,,6.313237463473342e-06,
31,78049,,3.6009269024361856e-06,
31,78099,,6.933627446414903e-06,
31,78149,,5.251324637356447e-06,
31,78199,,5.511146355274832e-06,
31,78249,,6.9846964834141545e-06,
31,78299,,5.1296733545314055e-06,
31,78349,,7.546677352365805e-06,
31,78399,,4.947640718455659e-06,
31,78449,,5.856489224242978e-06,
31,78499,,8.826679732010234e-06,
31,78549,,4.4840521695732605e-06,
31,78599,,5.199410679779248e-06,
31,78649,,1.0900477718678303e-05,
31,78699,,5.787887857877649e-06,
31,78749,,2.6376258119853446e-06,
31,78799,,4.191527295915876e-06,
31,78849,,7.110577371349791e-06,
31,78899,,2.8058896077709505e-06,
31,78949,,4.035371603094973e-06,
31,78999,,3.7230365705909207e-06,
31,79049,,1.0911722711171024e-05,
31,79099,,5.399846486398019e-06,
31,79149,,7.997340617293958e-06,
31,79199,,5.630741270579165e-06,
31,79249,,1.0641704648151062e-05,
31,79299,,2.69479619419144e-06,
31,79349,,5.728388714487664e-06,
31,79399,,5.385998065321473e-06,
31,79449,,3.269322633059346e-06,
31,79499,,7.571630703750998e-06,
31,79549,,5.642255018756259e-06,
31,79599,,1.1575638382055331e-05,
31,79649,,4.189962965028826e-06,
31,79699,,6.498660241049947e-06,
31,79749,,3.4239512842759723e-06,
31,79799,,6.1676555560552515e-06,
31,79849,,3.928193109459244e-06,
31,79899,,5.784572749689687e-06,
31,79949,,6.496588866866659e-06,
31,79999,,5.177783350518439e-06,
31,79999,,,4.368735972093418e-06
32,80049,,4.476266440178733e-06,
32,80099,,5.021972356189508e-06,
32,80149,,6.323519755824236e-06,
32,80199,,5.493004664458567e-06,
32,80249,,1.1186489246028941e-05,
32,80299,,6.012200174154714e-06,
32,80349,,5.367227004171582e-06,
32,80399,,4.774772605742328e-06,
32,80449,,1.0972245036100503e-05,
32,80499,,9.980945833376609e-06,
32,80549,,8.085895387921482e-06,
32,80599,,4.730429736810038e-06,
32,80649,,4.097280907444656e-06,
32,80699,,6.646321253356291e-06,
32,80749,,8.265914402727503e-06,
32,80799,,5.63365256311954e-06,
32,80849,,5.366679033613764e-06,
32,80899,,3.3755229651433183e-06,
32,80949,,6.514337655971758e-06,
32,80999,,7.4159534051432274e-06,
32,81049,,5.349340426619165e-06,
32,81099,,3.832396487268852e-06,
32,81149,,6.963782652746886e-06,
32,81199,,7.66267748986138e-06,
32,81249,,3.745004050870193e-06,
32,81299,,4.348249149188632e-06,
32,81349,,3.894106612278847e-06,
32,81399,,2.8955157631571637e-06,
32,81449,,1.0656829545041546e-05,
32,81499,,3.280427335994318e-06,
32,81549,,3.417279231143766e-06,
32,81599,,5.080232313048327e-06,
32,81649,,4.7439452828257345e-06,
32,81699,,3.956897671741899e-06,
32,81749,,6.626618869631784e-06,
32,81799,,4.9610412133915816e-06,
32,81849,,5.2638392844528425e-06,
32,81899,,2.6227835405734368e-06,
32,81949,,7.677347639400978e-06,
32,81999,,3.1889885576674715e-06,
32,82049,,2.2591048036701977e-06,
32,82099,,2.9766040370304836e-06,
32,82149,,7.87894896348007e-06,
32,82199,,4.08888536185259e-06,
32,82249,,4.6831000872771256e-06,
32,82299,,5.050787422078429e-06,
32,82349,,3.5078248856734717e-06,
32,82399,,5.60307853447739e-06,
32,82449,,4.702050773630617e-06,
32,82499,,3.618616119638318e-06,
32,82499,,,5.3692433539254125e-06
33,82549,,4.840563633479178e-06,
33,82599,,9.087290891329758e-06,
33,82649,,1.0133537216461264e-05,
33,82699,,5.203160617384128e-05,
33,82749,,1.084742234525038e-05,
33,82799,,1.1151238140882924e-05,
33,82849,,1.395796425640583e-05,
33,82899,,1.1205829650862142e-05,
33,82949,,1.0061949978990015e-05,
33,82999,,5.804261945741018e-06,
33,83049,,4.884931058768416e-06,
33,83099,,3.6271765111450804e-06,
33,83149,,3.720529775819159e-06,
33,83199,,8.52717312227469e-06,
33,83249,,4.697498297900893e-06,
33,83299,,3.9623391785426065e-06,
33,83349,,4.078060555912089e-06,
33,83399,,5.2949008022551425e-06,
33,83449,,3.7499642075999873e-06,
33,83499,,3.630080300354166e-06,
33,83549,,3.620234565460123e-06,
33,83599,,3.3533592613821384e-06,
33,83649,,4.502846877585398e-06,
33,83699,,3.4210513604193693e-06,
33,83749,,4.7019734665809665e-06,
33,83799,,7.753754289296921e-06,
33,83849,,4.669989721151069e-06,
33,83899,,4.667600933316862e-06,
33,83949,,2.7754349503084086e-06,
33,83999,,7.707232725806534e-06,
33,84049,,3.037409896933241e-06,
33,84099,,4.513716703513637e-06,
33,84149,,3.2757254757598275e-06,
33,84199,,2.2790850380260963e-06,
33,84249,,4.722769517684355e-06,
33,84299,,3.270088427598239e-06,
33,84349,,5.134122147865128e-06,
33,84399,,4.289268417778658e-06,
33,84449,,3.164983354508877e-06,
33,84499,,4.8272518142766785e-06,
33,84549,,4.280727807781659e-06,
33,84599,,3.2561620173510164e-05,
33,84649,,1.165322282759007e-05,
33,84699,,6.5102663029392716e-06,
33,84749,,5.592713932855986e-06,
33,84799,,7.043682217044989e-06,
33,84849,,3.822892722382676e-06,
33,84899,,3.6593278309737798e-06,
33,84949,,6.032150849932805e-06,
33,84999,,4.953996722178999e-06,
33,84999,,,9.31818340177415e-06
34,85049,,8.655973033455666e-06,
34,85099,,7.902302968432195e-06,
34,85149,,4.883327164861839e-06,
34,85199,,7.824446583981626e-06,
34,85249,,4.248783170623938e-06,
34,85299,,3.1113038403418614e-06,
34,85349,,4.364093911135569e-06,
34,85399,,2.3807274374121334e-06,
34,85449,,7.512411229981808e-06,
34,85499,,3.8070991195127135e-06,
34,85549,,3.8662319639115594e-06,
34,85599,,4.6376439968298655e-06,
34,85649,,9.398819202033337e-06,
34,85699,,3.840504177787807e-06,
34,85749,,4.686242391471751e-06,
34,85799,,3.330410891067004e-06,
34,85849,,4.681788595917169e-06,
34,85899,,6.776046575396322e-06,
34,85949,,6.69906648909091e-06,
34,85999,,6.4244322857121006e-06,
34,86049,,4.560686647891998e-06,
34,86099,,5.914065241086064e-06,
34,86149,,6.059474344510818e-06,
34,86199,,4.268203156243544e-06,
34,86249,,6.4382470554846805e-06,
34,86299,,4.553004600893473e-06,
34,86349,,2.808973476930987e-06,
34,86399,,3.631639856394031e-06,
34,86449,,3.2175282740354305e-06,
34,86499,,7.09229379936005e-06,
34,86549,,4.728628482553177e-06,
34,86599,,2.993000862261397e-06,
34,86649,,5.815873464598553e-06,
34,86699,,5.411115580500336e-06,
34,86749,,3.5423645385890268e-06,
34,86799,,3.956025011575548e-06,
34,86849,,2.688089352886891e-06,
34,86899,,4.897073722531786e-06,
34,86949,,5.967532615613891e-06,
34,86999,,3.611574129536166e-06,
34,87049,,4.574490048980806e-06,
34,87099,,2.895153784265858e-06,
34,87149,,4.41698875874863e-06,
34,87199,,5.249991772870999e-06,
34,87249,,6.723435490130214e-06,
34,87299,,5.729520580644021e-06,
34,87349,,5.734541446145158e-06,
34,87399,,5.460192824102705e-06,
34,87449,,3.246174401283497e-06,
34,87499,,9.258596946892794e-06,
34,87499,,,6.819569989602314e-06
35,87549,,7.73760984884575e-06,
35,87599,,6.0197835409780964e-06,
35,87649,,6.764437785022892e-06,
35,87699,,7.110160368029028e-06,
35,87749,,1.0815477253345307e-05,
35,87799,,1.4910197933204472e-05,
35,87849,,8.13763472251594e-06,
35,87899,,4.286598596081603e-06,
35,87949,,2.9643811103596818e-06,
35,87999,,4.830019861401524e-06,
35,88049,,2.6653672193788225e-06,
35,88099,,4.069655005878303e-06,
35,88149,,3.170093805238139e-06,
35,88199,,4.774657554662554e-06,
35,88249,,6.455291440943256e-06,
35,88299,,3.537974407663569e-06,
35,88349,,4.339379302109592e-06,
35,88399,,3.826319243671605e-06,
35,88449,,3.939638190786354e-06,
35,88499,,6.125921117927646e-06,
35,88549,,4.947786692355294e-06,
35,88599,,3.3410526611987734e-06,
35,88649,,8.470728062093258e-06,
35,88699,,5.774228611699073e-06,
35,88749,,5.988803422951605e-06,
35,88799,,4.898760835203575e-06,
35,88849,,7.659100447199307e-06,
35,88899,,4.436463314050343e-06,
35,88949,,3.118607082797098e-06,
35,88999,,6.106349701440195e-06,
35,89049,,1.2945119124196935e-05,
35,89099,,8.115182026813272e-06,
35,89149,,9.415766726306174e-06,
35,89199,,6.703909548377851e-06,
35,89249,,3.5889597711502574e-06,
35,89299,,2.9283551157277543e-06,
35,89349,,3.8645575841655955e-06,
35,89399,,5.48845082448679e-06,
35,89449,,5.332321507012239e-06,
35,89499,,5.67043889532215e-06,
35,89549,,1.1679203453240916e-05,
35,89599,,2.0945699361618608e-05,
35,89649,,5.8403047660249285e-06,
35,89699,,5.278170192468679e-06,
35,89749,,5.014254838897614e-06,
35,89799,,4.429861746757524e-06,
35,89849,,7.159920642152429e-06,
35,89899,,7.272185484907823e-06,
35,89949,,3.835584720945917e-06,
35,89999,,7.78971934778383e-06,
35,89999,,,5.207423328101868e-06
36,90049,,4.0844456634658854e-06,
36,90099,,5.090017111797351e-06,
36,90149,,3.0051728572288994e-06,
36,90199,,3.3902899758686544e-06,
36,90249,,5.149817752680974e-06,
36,90299,,3.432371386224986e-06,
36,90349,,4.4903886191605125e-06,
36,90399,,5.53435802430613e-06,
36,90449,,3.5948150980402716e-06,
36,90499,,3.902058779203799e-06,
36,90549,,3.6254066344554303e-06,
36,90599,,7.656324669369496e-06,
36,90649,,4.851738140132511e-06,
36,90699,,4.042059117637109e-06,
36,90749,,6.190849035192514e-06,
36,90799,,5.094451353215845e-06,
36,90849,,5.39303982804995e-06,
36,90899,,5.9349704315536655e-06,
36,90949,,5.943778887740336e-06,
36,90999,,4.118091055715922e-06,
36,91049,,4.232503215462202e-06,
36,91099,,6.173681867949199e-06,
36,91149,,2.6855693704419537e-06,
36,91199,,4.631368938134983e-06,
36,91249,,2.8246677175047807e-06,
36,91299,,3.5482264593156287e-06,
36,91349,,3.437155555729987e-06,
36,91399,,5.430668352346402e-06,
36,91449,,3.1076617688086117e-06,
36,91499,,5.964745469100308e-06,
36,91549,,5.142215286468854e-06,
36,91599,,4.043247372464975e-06,
36,91649,,3.2208590710069984e-06,
36,91699,,4.7704884309496265e-06,
36,91749,,4.7184071263473015e-06,
36,91799,,2.025158391916193e-05,
36,91849,,1.479933416703716e-05,
36,91899,,6.427393236663193e-05,
36,91949,,1.149045056081377e-05,
36,91999,,7.040597665763926e-06,
36,92049,,1.1454413652245421e-05,
36,92099,,8.917648301576264e-06,
36,92149,,7.07250273990212e-06,
36,92199,,5.040965788793983e-06,
36,92249,,3.949847723561106e-06,
36,92299,,4.4017629079462495e-06,
36,92349,,3.3167698347824626e-06,
36,92399,,3.852429017570103e-06,
36,92449,,6.3844436226645485e-06,
36,92499,,6.278869022935396e-06,
36,92499,,,5.513676114787813e-06
37,92500,4.986144631402567e-06,,
